<?xml version="1.0" encoding="UTF-8"?>
<metadata xml:lang="ja"><Esri><CreaDate>20160921</CreaDate><CreaTime>17582200</CreaTime><ArcGISFormat>1.0</ArcGISFormat><SyncOnce>TRUE</SyncOnce><DataProperties><itemProps><itemLocation><linkage Sync="TRUE">file://\\TS5800D886\Hemmi\Windows\Desktop\Terra Sirenum\shapefiles\AREA_regional_craters</linkage><protocol Sync="TRUE">Local Area Network</protocol></itemLocation></itemProps><copyHistory><copy source="Z:\Windows\Desktop\Terra Sirenum\AREA_regional_craters" dest="\\TS5800D886\Hemmi\Windows\Desktop\Terra Sirenum\shapefiles\AREA_regional_craters" date="20160921" time="17582200"></copy></copyHistory></DataProperties></Esri></metadata>
