<?xml version="1.0" encoding="UTF-8"?>
<metadata xml:lang="ja"><Esri><CreaDate>20170220</CreaDate><CreaTime>12203900</CreaTime><ArcGISFormat>1.0</ArcGISFormat><SyncOnce>TRUE</SyncOnce><DataProperties><itemProps><itemLocation><linkage Sync="TRUE">file://\\TS5800D886\Hemmi\Windows\Desktop\Terra Sirenum\shapefiles\CRATER_regional_craters10km</linkage><protocol Sync="TRUE">Local Area Network</protocol></itemLocation></itemProps><copyHistory><copy source="Z:\Windows\Desktop\Terra Sirenum\CRATER_regional_craters10km" dest="\\TS5800D886\Hemmi\Windows\Desktop\Terra Sirenum\shapefiles\CRATER_regional_craters10km" date="20170220" time="12203900"></copy></copyHistory></DataProperties></Esri></metadata>
