L_m,weighting,facet_count_valid,area_weight_sum,theta_mean_deg,theta_std_deg,theta_p50_deg,theta_p75_deg,theta_p90_deg,theta_p95_deg,theta_min_deg,theta_max_deg
18.0,current,12582912,825.9351714201595,14.027504633406338,7.698614481273333,12.849791366906448,18.31067676767667,24.816541935483645,29.091815841583273,0.0037311035624565054,57.20303324149654
80.0,current,12582912,825.3929737420802,13.916050165273672,7.641048352842493,12.74632142857138,18.14792214111916,24.61608155339727,28.87782857142716,0.005767224109592778,54.11189281483265
100.0,current,12582912,825.1294875648005,13.872678380944105,7.617976559586975,12.70656345885635,18.08463694267497,24.534245128204923,28.789670707070766,0.0004686540781794579,53.62578412199545
125.0,current,12582912,824.7972986879992,13.813789334480168,7.5860092348851555,12.653515492957746,18.000099999999893,24.420730107526666,28.666979687499694,0.002111469915938178,53.21695130241994
150.0,current,12582912,824.4980770406407,13.751995600072993,7.551702970283376,12.598779310344815,17.911703614457906,24.29971623036663,28.533670707070762,0.004790574523676252,52.69237165116788
175.0,current,12582912,824.2548493516801,13.689168235382457,7.51603782412264,12.542923299565842,17.820432432432387,24.17679680851018,28.395669999999015,0.0021574044093359878,52.065367009814686
200.0,current,12582912,824.0720196403191,13.626553569506966,7.479731474796902,12.488216508795649,17.731719047618984,24.053040414507777,28.25515206611624,0.005413616377872272,51.35842864499153
250.0,current,12582912,823.8459047116806,13.5047546883605,7.406995893631224,12.384091678420292,17.560927536231794,23.80749223744254,27.97401414141324,0.005085109525134029,50.261452936657385
500.0,current,12582912,822.9404383641601,12.992125026028651,7.072343023543457,11.957130246020272,16.851993762993832,22.736237142857377,26.6547333333338,0.0030039925955700174,45.36833983160912
1000.0,current,12582912,821.6997632409598,12.219825469390646,6.53838454936257,11.286252788104097,15.807156370656354,21.00223783783783,24.641605673758683,0.002046828969543396,37.860270651453185
2000.0,current,12582912,819.225836912641,11.077736253394256,5.734898122001748,10.328735632183957,14.255282352941597,18.609175415282696,21.634550793650785,0.005280124997764809,34.57382621783515
