L_m,W_deg,nonempty_cell_count,area_weight_sum,cell_R_areaweighted_p25,cell_R_areaweighted_p50,cell_R_areaweighted_p75,cell_sigma_psi_deg_areaweighted_p25,cell_sigma_psi_deg_areaweighted_p50,cell_sigma_psi_deg_areaweighted_p75,cell_theta_std_deg_areaweighted_p25,cell_theta_std_deg_areaweighted_p50,cell_theta_std_deg_areaweighted_p75,cell_theta_p95_deg_areaweighted_p25,cell_theta_p95_deg_areaweighted_p50,cell_theta_p95_deg_areaweighted_p75
18.0,1.0,64673,825.9351714201616,0.9416571457401234,0.9836547602209909,0.9950063794137648,5.73308932032224,10.402078965574825,19.866692492470396,1.2499571169692734,1.9112409817529405,2.9406190526271354,12.015000033254207,16.54000001939829,22.359583333779803
80.0,1.0,64673,825.3929737420809,0.953640484501384,0.9876058647455228,0.9963387688005322,4.9073759297692,9.048954895525705,17.653894133704675,1.0459809811818146,1.6784290540016764,2.686722875422112,11.534166660011456,16.035,21.7841666637088
100.0,1.0,64673,825.1294875648015,0.9570943159760306,0.988595172286525,0.9966462814171819,4.696405349860735,8.678130626624784,16.968324514415453,1.0023421705271809,1.612895803107934,2.599661285439662,11.394999985945626,15.88000000180303,21.586538460829395
125.0,1.0,64673,824.7972986880011,0.9615696912626385,0.9897888204186451,0.9970019063339242,4.4400325090084145,8.208976229919228,16.040410589552618,0.9462293038967187,1.5340710991115138,2.485490931080764,11.200000002775008,15.680000012210032,21.337857139617746
150.0,1.0,64673,824.4980770406403,0.9659612409751637,0.9908631104866468,0.9973330768396749,4.187287315131102,7.763054579852157,15.079040681050634,0.8927271642890325,1.453808332139364,2.3701727654177396,11.007500002776014,15.46500001332487,21.08312500208201
175.0,1.0,64673,824.2548493516806,0.9696573752057797,0.9918758058635423,0.997621063612659,3.9544636787433283,7.318344515991153,14.22332184569571,0.8419136082664781,1.3750093780690762,2.256744485908301,10.820000000138842,15.276666662655686,20.837500009163552
200.0,1.0,64673,824.0720196403172,0.9730252751335972,0.9927651849029433,0.9978711780153575,3.7405773753164824,6.904611331202974,13.399183851356216,0.7943907581937202,1.3037684326790346,2.1362197258085236,10.650000000000002,15.086666666666666,20.591500000888782
250.0,1.0,64673,823.8459047116789,0.9784804260930314,0.9941611766327533,0.9982941464720237,3.3480646980821627,6.200629595541464,11.951217404319706,0.713308764468089,1.1732293590296052,1.9302025298654857,10.342777774697737,14.731428572176988,20.14899999871091
500.0,1.0,64673,822.9404383641626,0.9908614391026601,0.9973990418180089,0.9992263001063574,2.2542803702343472,4.135109525289598,7.7637678525771685,0.46752702790958267,0.7854511321442889,1.295884869787067,9.304,13.552857142857142,18.56833333333333
1000.0,1.0,64673,821.6997632409609,0.9961191205885273,0.9988188658992722,0.9996422801864357,1.5326675864225547,2.7855793709252588,5.052714372649504,0.3018596925777621,0.5091857855110867,0.8342840235822728,8.377500000185698,12.317500008634951,16.900000004011076
2000.0,1.0,64673,819.2258369126372,0.9984937381726535,0.9995248591976442,0.9998418020519282,1.0191901800424008,1.7664461054478224,3.1459477718103255,0.18447978841027407,0.30580261528012675,0.48927057327152956,7.519999995250404,10.910000000079826,14.923999997027313
18.0,2.0,16200,825.9351714201619,0.8557292214562304,0.9556300711817768,0.9859340770958513,9.644016874326255,17.261991902687036,31.98329066978114,1.9533841843696842,2.839254686323007,4.086713643748599,13.66785713112768,18.343333338259885,24.20500004045929
80.0,2.0,16200,825.3929737420917,0.8747443302189581,0.9624908282223766,0.9883235428028195,8.781468397424883,15.843239728963521,29.64176311337626,1.7806555709287546,2.6419376871724767,3.877044640282449,13.229090903682405,17.849999831401316,23.749833331933278
100.0,2.0,16200,825.1294875647927,0.880576671716744,0.9646400599463225,0.9889818267677897,8.528923910467864,15.374122632465157,28.896423879337526,1.7337975623413702,2.582907454950095,3.804136539862939,13.054999995006996,17.671250001386944,23.59749999084616
125.0,2.0,16200,824.7972986879935,0.8886643085418029,0.9672321162431909,0.9897957575137439,8.206172965864747,14.79003178157422,27.838405582351797,1.6587573440376802,2.490068931951168,3.6948101415745755,12.853636359324781,17.454615389902678,23.327499993617483
150.0,2.0,16200,824.498077040649,0.8962222222428622,0.9696997380593015,0.9906555827705846,7.8511318468390385,14.213234993317226,26.821142863226264,1.5917166708181716,2.3964793107386226,3.5927682108882193,12.669999994447972,17.222499987230332,23.06194443952987
175.0,2.0,16200,824.2548493516706,0.9040694881094781,0.9723595880590633,0.9913791461271905,7.539666721337702,13.565820060654834,25.732000132520625,1.521193190599289,2.3126478596477593,3.471318939442969,12.45807692613637,16.97900000134399,22.771249988614986
200.0,2.0,16200,824.0720196403332,0.912368058403497,0.9747492906822555,0.9920552976496017,7.236722174247561,12.958217689508013,24.53862552135502,1.456164368474229,2.2252295075049533,3.3508897827407242,12.25375001222078,16.770000005078764,22.481000019553246
250.0,2.0,16200,823.8459047116869,0.9252553408528407,0.9787287769157362,0.993363193788073,6.612105606561851,11.881303488081022,22.584356041627473,1.33962786151905,2.069666794882329,3.1342697613130714,11.875000020419856,16.338749997499608,21.9883333368524
500.0,2.0,16200,822.9404383641652,0.9622687842600923,0.9894688331845902,0.9966711845812187,4.678906980944976,8.337278949354204,15.890975063713416,0.9394362696188323,1.496868280024512,2.348427430531958,10.575,14.85887096716774,20.05140625
1000.0,2.0,16200,821.6997632409716,0.9837396720894315,0.995092883973255,0.998433317533567,3.20847258872113,5.683091776824441,10.374801634695432,0.6161342340445032,1.0043871475049244,1.592911951449287,9.315800000054372,13.244893615022146,17.916400000680103
2000.0,2.0,16200,819.2258369126362,0.9938468012178392,0.9980462851212308,0.9993449533659227,2.0741725390607444,3.5832781140618897,6.365871930876791,0.37272317303034086,0.607937213908351,0.9644986387585951,8.066250000279387,11.454035088884662,15.521666662072287
18.0,4.0,4050,825.9351714200961,0.7355629718498353,0.8900441078528872,0.9605212156020644,16.2621550151984,27.65484630811947,44.90462366638288,2.9094505784336677,3.9426195035387783,5.251533499349664,15.84151161869028,20.361428669471923,26.26472221142145
80.0,4.0,4050,825.3929737420669,0.7494948518680499,0.9002544034192643,0.9644871359385515,15.40793864271574,26.265960807456935,43.51129394773601,2.7670286485308875,3.7662631172385423,5.083857580277912,15.476379297659568,19.902272721735887,25.82857136464519
100.0,4.0,4050,825.1294875647854,0.75428357995969,0.9041734021179071,0.9658389292949581,15.10658365465956,25.717333080321136,43.0280913676165,2.7176537702697146,3.7053421803495405,5.005412803727214,15.343125000832167,19.712857142291046,25.646153845365998
125.0,4.0,4050,824.7972986879824,0.7628153766121016,0.9094788247119547,0.9674030383354604,14.750759850830928,24.959341546284747,42.16122674614466,2.6435281382801548,3.6032574698965103,4.90867019501206,15.104230752482206,19.457666658645046,25.42499991896976
150.0,4.0,4050,824.4980770406236,0.771242679228725,0.9148333620125044,0.9689450221038042,14.391943780566985,24.174928544752106,41.29688022378317,2.5638473903221857,3.521029536358104,4.820332250749102,14.88757143670957,19.231499986075516,25.1400000011104
175.0,4.0,4050,824.2548493516953,0.7798975574769559,0.9196023867759875,0.970634615175542,13.988897794308148,23.458251104157462,40.40004229880523,2.4891255625644457,3.4347863539795016,4.7232389608118055,14.69549999284688,18.986428523327017,24.898636349765965
200.0,4.0,4050,824.0720196403477,0.7884551592706178,0.9234098276862767,0.9726084666555695,13.503747592335836,22.872734393433387,39.50333070126992,2.416242825973055,3.3441259365303257,4.638028243404705,14.492127661803469,18.769736859166958,24.61684212552546
250.0,4.0,4050,823.8459047116536,0.8054032326713739,0.9320696981327117,0.9759436235077364,12.644195109708852,21.491292316712205,37.69454601445294,2.2807600160678803,3.201058883632797,4.441087582367505,14.143076902659534,18.288125004236772,24.16928570938699
500.0,4.0,4050,822.9404383641662,0.86882551337851,0.9587724917025686,0.9856110536804661,9.754922748768353,16.62594140372225,30.384375298272218,1.7751146406471892,2.579231647397865,3.7923414275092466,12.520294113458794,16.696212121212124,22.156111106364413
1000.0,4.0,4050,821.699763240984,0.9294567723116127,0.9789788964654554,0.9928292834211985,6.8738459643765015,11.810491450921688,21.915913421580957,1.2607499028965117,1.9074263742985194,2.8864596341796465,10.866436781149478,14.833064529574639,19.44750000496742
2000.0,4.0,4050,819.2258369126359,0.974632458755863,0.9916518545802268,0.9971439533683429,4.333419549404205,7.418945659553175,12.988548684483126,0.7883668763148116,1.207610693198464,1.8290298886573333,9.085727270550356,12.507575765340125,16.631612898125304
18.0,6.0,1800,825.9351714201201,0.6512993165720271,0.8342957259834087,0.9268758612161737,22.32854635231209,34.48876145773309,53.05885941748483,3.5507229476227153,4.620084381496695,5.947812829353656,17.235128207351345,21.63615390322711,27.26427083546561
80.0,6.0,1800,825.3929737420335,0.6655639953523138,0.8425512951266775,0.931831950558604,21.530224847744652,33.538419583317015,51.701019556739965,3.4139681771156836,4.481664363896609,5.822041557157695,16.880454545738722,21.15819997636424,26.90621619980424
100.0,6.0,1800,825.1294875647868,0.671253270884254,0.8463468351776532,0.9342178932581855,21.13671942482824,33.09554530746043,51.15770459337737,3.3500318399229356,4.416567462386753,5.737243823710851,16.76428572184469,21.04955556112306,26.850384578762693
125.0,6.0,1800,824.7972986879795,0.6776431344434675,0.8505988330995151,0.9370694278718162,20.65795394471681,32.594668880009245,50.546080796106935,3.266574417222693,4.346781745913229,5.667544050537066,16.561166674402152,20.85209090323633,26.697019232767566
150.0,6.0,1800,824.4980770405896,0.6826357816796695,0.8557914311800981,0.9405169129408406,20.06590266890285,31.975828263097164,50.067058840335854,3.192171029102893,4.272782414669574,5.600079460078917,16.404042560373185,20.651538475119576,26.511428552755625
175.0,6.0,1800,824.2548493516337,0.6883934363446631,0.8613185582318635,0.9436600057876435,19.512446135879163,31.307921432468707,49.51328416103976,3.131133927241174,4.208826795473088,5.534778469512235,16.262727268105333,20.48812496688626,26.311111059605985
200.0,6.0,1800,824.0720196403515,0.6946944558408292,0.8675927434861704,0.9456101838815929,19.161967235737023,30.53739961786811,48.905440951067554,3.0587004311975208,4.1307413270810045,5.456295930974319,16.053333329679443,20.3064705890964,26.130937519997637
250.0,6.0,1800,823.8459047116461,0.7086149910057176,0.8767860748269194,0.9506229384730539,18.233707288722446,29.38242930619106,47.55500901046815,2.9202625897555214,3.9811620804564543,5.321319054476623,15.591632648759568,19.869743590070183,25.54399999786633
500.0,6.0,1800,822.9404383641664,0.7742672264291767,0.9129238241548315,0.9673029013667997,14.773779653649337,24.45702231509086,40.984565492008095,2.4205037537842835,3.424516265096858,4.609352499776958,13.920384627707776,18.113813571088215,23.513977264231762
1000.0,6.0,1800,821.6997632409211,0.8543593647577916,0.9525679405181388,0.9817633572537816,10.99272354036382,17.861925197605355,32.14731057885083,1.8024792257728477,2.6335660284585862,3.7356528847848414,12.071428575774469,16.006166680566768,20.67088235050558
2000.0,6.0,1800,819.2258369126359,0.9348324806604519,0.9806044669858375,0.9925285803345026,7.017023510434173,11.339960768833022,21.034330376404846,1.1309098662263473,1.728847173166597,2.5843721131246173,9.962703579668148,13.356538462369777,17.779218748090848
18.0,10.0,648,825.9351714203024,0.556904123484321,0.7388705782980242,0.8668413164134796,30.630405716950385,44.575417139811286,61.99404317982745,4.354558231183506,5.467534827131058,6.7896042113161705,19.10238636982801,23.151755323457756,28.418181798791167
80.0,10.0,648,825.3929737421524,0.5659904129982654,0.7496192659768136,0.8688629362360425,30.379721331884134,43.498769150255846,61.1310331875064,4.241506077193971,5.338643608360809,6.700311885973943,18.74791043728987,22.88362498169817,28.111060599276378
100.0,10.0,648,825.1294875648098,0.5694994734901832,0.7521945914813096,0.8720491442839567,29.98157338017949,43.23916440169241,60.798215556236684,4.194536166607723,5.310081190697073,6.654452194723919,18.641666667166653,22.65666666137459,27.942727242925145
125.0,10.0,648,824.7972986881432,0.5733401737497671,0.7580099863628164,0.8776269738211391,29.275130898122033,42.65044246946452,60.4342056282618,4.152385690506582,5.231457318011099,6.588829375530034,18.40852939367051,22.42624998512596,27.713684133776233
150.0,10.0,648,824.4980770405432,0.5791095244089846,0.7621113263593944,0.8821385165268864,28.69439761726434,42.23306353501735,59.88785862199094,4.087783935558493,5.177726267421344,6.527254506697241,18.1884090857792,22.251714355871066,27.551874989229063
175.0,10.0,648,824.2548493517331,0.5819892920841248,0.7652932237755115,0.8859664479902366,28.194670142398763,41.907953615507616,59.61532823696167,4.0135878085639485,5.114812616911145,6.477344705588929,17.91918368207965,22.074249986015865,27.236647081438292
200.0,10.0,648,824.072019640354,0.5873835310856781,0.7687178002092635,0.8896530441974485,27.706965337565855,41.55673170544871,59.10510521409309,3.9623639842879785,5.074326224906098,6.403998682501591,17.772920775649208,21.888970566223286,27.077666636457884
250.0,10.0,648,823.8459047116623,0.5965574367407611,0.7791859077010653,0.8961563311003432,26.830140375375073,40.47415493385393,58.23798230981091,3.849367548637051,4.9118366024224756,6.273000011203257,17.351930681647616,21.530444385366902,26.641951203392292
500.0,10.0,648,822.9404383640023,0.6331470481885456,0.81993861510882,0.9187895369655905,23.581678290407403,36.10323422227584,54.77983411023939,3.3411326988066,4.383446632671744,5.717105665094712,15.915231477773123,20.041129027064354,25.02441171915852
1000.0,10.0,648,821.6997632407101,0.7081232159835934,0.8775853301337843,0.9521780703327135,17.93700414513468,29.280451447455466,47.602909196670005,2.7048452850122895,3.7213920906397377,4.913787538859953,13.999583292451431,17.79548296640585,22.73051472171374
2000.0,10.0,648,819.2258369127978,0.8293274091980876,0.9438388265465684,0.9773965842252101,12.251865866692064,19.480541779753167,35.05268104556377,1.838118477695916,2.633087341315848,3.6778758413740675,11.405055965797548,14.860352115227737,18.958746960188236
