L_m,region,weighting,facet_count_valid,area_weight_sum,theta_mean_deg,theta_std_deg,theta_p50_deg,theta_p95_deg,psi_mean_deg,R,sigma_psi_deg
18.0,Anti-Mars,current,1297,0.08513434070999998,7.731959405118793,1.753154915043243,7.716499999999999,10.563149999999998,233.90517911847894,0.9663703617660554,14.986569771375502
18.0,Leading,current,938,0.061569785339999974,13.530080366337646,5.4965239627993965,12.738,24.987099999999998,174.52803291233712,0.4563924775836584,71.76406254744798
18.0,Sub-Mars,current,1144,0.07509150792,9.784898548829934,5.216122255470358,9.042,19.9878,148.31691288215768,0.45319936138639,72.08451944416542
18.0,Trailing,current,1146,0.07522278678,8.136439572222818,3.493430000364371,7.3279999999999985,14.132699999999996,149.11235288762413,0.896787396939093,26.743870509175913
80.0,Anti-Mars,current,1297,0.08507845297999998,7.6138746015811405,1.3404818559783154,7.544249999999997,9.994149999999982,233.70404494191257,0.9859331489341936,9.644337321199801
80.0,Leading,current,938,0.06152936691999998,13.122080533025086,5.150939489831855,12.563999999999997,24.259099999999986,175.1705697179907,0.4757792874683639,69.83512787067777
80.0,Sub-Mars,current,1144,0.07504221296,9.402334408687432,4.968259372713672,8.923999999999994,19.709799999999984,146.64642142411256,0.4739590034263589,70.01508864727828
80.0,Trailing,current,1146,0.07517340563999998,8.052948036608875,3.1884830179784163,7.469999999999994,13.967699999999983,149.03563921061638,0.9204132011079441,23.334592094401874
100.0,Anti-Mars,current,1297,0.08505129380000001,7.61033438618884,1.2950277069167127,7.541500000000006,9.957150000000004,233.66408205017575,0.9870519074602496,9.250261128878842
100.0,Leading,current,938,0.06150972520000001,12.938331424147355,5.040561728873225,12.323,23.752100000000016,175.57008088526845,0.47902974874554843,69.5143309997668
100.0,Sub-Mars,current,1144,0.0750182576,9.267926012881984,4.895773084120783,8.882500000000002,19.407800000000012,146.06508230186367,0.4723733598127993,70.17203796007942
100.0,Trailing,current,1146,0.0751494084,8.049503715380485,3.1454552036422667,7.551000000000004,13.799700000000014,148.99722370632108,0.9239217448448084,22.793050752090405
125.0,Anti-Mars,current,1297,0.08501705300000002,7.608763085749862,1.2449986748601687,7.535499999999999,9.954150000000011,233.62396759324997,0.9879398803198606,8.925436771712018
125.0,Leading,current,938,0.06148496200000002,12.674355321955066,4.89295880290024,12.169999999999996,23.347100000000008,176.19899039596808,0.4829694600413202,69.12644295631424
125.0,Sub-Mars,current,1144,0.07498805600000003,9.088506324065214,4.807128880171716,8.786999999999997,18.987800000000014,145.18338822124446,0.46995739113369345,70.4115126590745
125.0,Trailing,current,1146,0.07511915400000002,8.047988944224258,3.0902881205946584,7.604999999999998,13.64270000000001,148.94357364188244,0.9284143183398136,22.08336953766755
150.0,Anti-Mars,current,1297,0.08498621033999998,7.609387413577312,1.1985386508090239,7.5517499999999975,9.829149999999986,233.60101112029872,0.9884725386885144,8.72493295688305
150.0,Leading,current,938,0.06146265635999998,12.381212809669437,4.73722007529494,11.989999999999998,22.659099999999988,177.02895916625104,0.48680855078326285,68.74941344368666
150.0,Sub-Mars,current,1144,0.07496085167999998,8.903892951483533,4.724729190897943,8.571999999999996,18.503799999999988,144.03722085676654,0.46667885616458393,70.73715368203695
150.0,Trailing,current,1146,0.07509190211999998,8.04989188146739,3.0322819893854107,7.644999999999998,13.396699999999987,148.89105782544834,0.9331107857438982,21.32008888028759
175.0,Anti-Mars,current,1297,0.08496113933,7.612159849585719,1.1559978914559546,7.5685,9.752150000000015,233.59690972766305,0.9887075378268825,8.635029472989778
175.0,Leading,current,938,0.061444524820000006,12.067207997309284,4.575492749440535,11.747999999999998,21.949100000000012,178.12583513376205,0.49164091006133226,68.27612260819512
175.0,Sub-Mars,current,1144,0.07493873816,8.71992060964637,4.650903225755238,8.267999999999999,17.943800000000017,142.86732241874915,0.4654601844948773,70.85839814400369
175.0,Trailing,current,1146,0.07506974994000001,8.056105039800652,2.971777462635573,7.678999999999999,13.212700000000014,148.84382655086966,0.9379226205205741,20.512821700261007
200.0,Anti-Mars,current,1297,0.08494229392,7.6170373764010435,1.1182458635107961,7.583249999999999,9.712149999999978,233.60985652814696,0.9886880259434134,8.642528907641186
200.0,Leading,current,938,0.061430895679999986,11.738367200424822,4.410694374502787,11.557000000000004,21.064099999999986,179.24572854339914,0.4968599598523415,67.76650000688761
200.0,Sub-Mars,current,1144,0.07492211584,8.539577069352049,4.586692854602522,7.978999999999999,17.464799999999975,141.65908325247648,0.46603240409147595,70.80145494695317
200.0,Trailing,current,1146,0.07505309856,8.067228027778862,2.909202506795263,7.731999999999998,13.068699999999978,148.8029189035451,0.9427389142192008,19.67605840488645
250.0,Anti-Mars,current,1297,0.08491898683000002,7.632550336517597,1.0587348220501964,7.616833333333333,9.601149999999988,233.67139983467635,0.9880933374615203,8.868126139074358
250.0,Leading,current,938,0.06141403981999999,11.05454707831954,4.081424581744167,11.180999999999997,19.222099999999994,181.80756058941245,0.5077842128407992,66.70462643892427
250.0,Sub-Mars,current,1144,0.07490155815999999,8.19820497382305,4.47791022003263,7.365999999999997,16.50379999999999,138.38947258304864,0.4726443258595711,70.14520496417431
250.0,Trailing,current,1146,0.07503250494,8.105045911159973,2.780100235698538,7.789999999999997,12.72069999999999,148.7338635834771,0.9520035965543769,17.970511618735827
500.0,Anti-Mars,current,1297,0.08482565470999999,7.7850293090220255,0.9737671576570833,7.862499999999996,9.249149999999991,233.79997335927885,0.9832894970552839,10.518637087891202
500.0,Leading,current,938,0.06134654133999999,7.88828177621572,2.7999651002274084,8.347999999999997,11.850049999999996,192.2100785937404,0.6078485203133759,57.171287917993055
500.0,Sub-Mars,current,1144,0.07481923592,6.873228521167571,3.9597904128743098,5.985999999999997,13.163799999999993,131.27386780576413,0.5594956496296841,61.74770845782237
500.0,Trailing,current,1146,0.07495003877999999,8.532753734073047,2.240579548490005,8.2905,12.526699999999993,148.0645551918012,0.980167891005724,11.468149139673136
1000.0,Anti-Mars,current,1297,0.08469777050999998,8.043133998388514,0.8658981593235056,8.051499999999997,9.375383333333327,232.11840173190154,0.9839733340502425,10.299378736275667
1000.0,Leading,current,938,0.06125405453999999,6.330230511377119,1.589309701676407,6.428000000000002,8.87409999999999,182.46089752243464,0.960977117993377,16.166079256996913
1000.0,Sub-Mars,current,1144,0.07470643752,5.279763431544245,2.862004807215391,5.097499999999999,9.684799999999981,134.3684135012564,0.7665038931205134,41.78394661122978
1000.0,Trailing,current,1146,0.07483704317999999,9.170956690763857,1.9803130555709088,8.920999999999998,12.55469999999998,146.60866314772886,0.9832499426685016,10.531184346098385
2000.0,Anti-Mars,current,1297,0.08444276733999999,7.858842069776009,0.6733348068172422,7.849166666666668,8.913150000000005,230.76640409488053,0.9893505942732658,8.384201842225556
2000.0,Leading,current,938,0.061069634359999986,7.734250037784972,0.37020863482069394,7.719500000000001,8.388100000000003,186.58720941765327,0.9983101170150146,3.3323418923502324
2000.0,Sub-Mars,current,1144,0.07448151568,4.027940875095237,1.2009218473150656,4.149000000000003,5.691800000000005,130.31580464320925,0.9748558099065782,12.930505172478606
2000.0,Trailing,current,1146,0.07461172812,7.5908791871666965,1.1129124190101336,7.596000000000003,9.297700000000006,155.1452380792672,0.9900894451603323,8.086621376812596
