L_m,vector_weighting,gravity_dir_mean_change_deg,gravity_dir_std_change_deg,gravity_dir_p50_change_deg,gravity_dir_p95_change_deg,gravity_dir_max_change_deg,gravity_mag_abs_mean_change_pct,gravity_mag_abs_p50_change_pct,gravity_mag_abs_p95_change_pct,gravity_mag_abs_max_change_pct,gravity_mag_hist_overflow_weight,normal_dir_mean_change_deg,normal_dir_std_change_deg,normal_dir_p50_change_deg,normal_dir_p95_change_deg,normal_dir_max_change_deg
18.0,native,0.0,0.0,0.0,0.0,0.0,0.0,0.0,0.0,0.0,0.0,0.0,0.0,0.0,0.0,0.0
80.0,native,0.0020142053902117503,0.001646561254121972,0.0016211930590723164,0.005318197873827688,0.02409925758600557,0.0014839062264610777,0.0008794334013426792,0.005190775051156703,0.05301242524230348,0.0,0.6477454511940393,0.6013266919483421,0.42419715808170533,1.9556396825396578,9.26424296095735
100.0,native,0.002976439904250095,0.0024485604103424044,0.0023302446294919833,0.00785147772180264,0.03475204256791516,0.002221491049972644,0.0012697723766144837,0.007756759733039394,0.07690706326016869,0.0,0.793952157312291,0.6927665440577865,0.5557795704557358,2.24142800378427,12.049706300568868
125.0,native,0.004383864497062653,0.003617563603895955,0.003386598952093566,0.011602477202555873,0.04939164428330232,0.003304600832701792,0.0018348346978338786,0.011524875617432949,0.11148138897777593,0.0,0.9722951344320695,0.8095144173225914,0.7219726609157264,2.587791379310343,15.026863374823678
150.0,native,0.005984328748961501,0.004933953405858364,0.004597678656604765,0.01582144207611171,0.06531816677630349,0.004539897866829405,0.0025165901162926985,0.015797959543899173,0.14967102742880017,0.0,1.1534901263110788,0.942987572476864,0.8837182917002416,2.982213248407617,17.372470567276658
175.0,native,0.0077421641696950785,0.0063639076596118905,0.005925470526626762,0.020444308682370023,0.08254730572158242,0.0059011660991417905,0.0032447203561621523,0.020510120466404637,0.18979808083682295,0.0,1.3363308330332202,1.0888647842865569,1.0379304171280905,3.428749443561235,19.422060142561026
200.0,native,0.009627655145368239,0.007880848689042612,0.007389346793348245,0.025353741201360754,0.1003235249784356,0.007366592164680272,0.004034586083289803,0.025552156675232557,0.23128529648836416,0.0,1.5174703916879961,1.239838227318855,1.1834339242546354,3.9054163106796635,21.56805054382649
250.0,native,0.013693866234353204,0.01109792785903512,0.010550730021979184,0.035830286192587796,0.13593949055043278,0.01054462242023414,0.005813585327018451,0.036421487224970545,0.3160847682187272,0.0,1.8643827971891695,1.5377927506813707,1.448958993710691,4.863696758104812,24.880448800976954
500.0,native,0.03746092721613946,0.028593366721498127,0.029840043726155174,0.09447660189198195,0.3197085672866712,0.029366763533072448,0.01663885304081386,0.0996042484142236,0.7525378086921374,0.0,3.16482627959713,2.6728716769688314,2.395506374501993,8.52356780487789,35.67627612943342
1000.0,native,0.09651954263146381,0.06638535324072371,0.08081251261781075,0.2286109746434227,0.7473908990080622,0.07525103928408997,0.04442462709919835,0.24752902187902412,1.4346611116908539,0.0,4.603825298502925,3.7986378916436867,3.510056008700374,12.329118604650771,45.72719009360782
2000.0,native,0.2436181190743109,0.1517339989573215,0.21307169434857642,0.5395862589356643,1.6496557762774795,0.18001464328361136,0.11072879147827436,0.575575209942893,2.4248382093055385,0.0,6.437104449556152,4.823623033953961,5.195063988095224,16.250347200000046,51.8668535589741
