<?xml version="1.0" encoding="UTF-8"?>
<metadata xml:lang="ja"><Esri><CreaDate>20191017</CreaDate><CreaTime>15403100</CreaTime><ArcGISFormat>1.0</ArcGISFormat><SyncOnce>TRUE</SyncOnce><DataProperties><lineage><Process ToolSource="c:\program files (x86)\arcgis\desktop10.2\ArcToolbox\Toolboxes\Data Management Tools.tbx\CalculateField" Date="20191017" Time="154031">CalculateField CRATER_superposed100m-basin y_pix ([y_m]-(-1500759.69644))/5 VB #</Process><Process ToolSource="c:\program files (x86)\arcgis\desktop10.2\ArcToolbox\Toolboxes\Data Management Tools.tbx\CalculateField" Date="20191017" Time="154317">CalculateField CRATER_superposed100m-basin y_pix -([y_m]-(-1500759.69644))/5 VB #</Process><Process ToolSource="c:\program files (x86)\arcgis\desktop10.2\ArcToolbox\Toolboxes\Data Management Tools.tbx\CalculateField" Date="20191017" Time="154735">CalculateField CRATER_superposed100m-basin x_pix ( [x_m] -(1349524.07812))/5 VB #</Process><Process ToolSource="c:\program files (x86)\arcgis\desktop10.2\ArcToolbox\Toolboxes\Data Management Tools.tbx\CalculateField" Date="20191017" Time="155222">CalculateField CRATER_superposed100m-basin y_pix -( [y_m] -(-1500759.69644095))/5 VB #</Process><Process ToolSource="c:\program files (x86)\arcgis\desktop10.2\ArcToolbox\Toolboxes\Data Management Tools.tbx\CalculateField" Date="20191017" Time="155309">CalculateField CRATER_superposed100m-basin x_pix ( [x_m] -(-9319921.47607186))/5 VB #</Process><Process ToolSource="c:\program files (x86)\arcgis\desktop10.2\ArcToolbox\Toolboxes\Data Management Tools.tbx\CalculateField" Date="20191017" Time="155427">CalculateField CRATER_superposed100m-basin Diam_m [Diam_km]*1000 VB #</Process><Process ToolSource="c:\program files (x86)\arcgis\desktop10.2\ArcToolbox\Toolboxes\Data Management Tools.tbx\CalculateField" Date="20191017" Time="155511">CalculateField CRATER_superposed100m-basin Diam_pix [Diam_m]/5 VB #</Process></lineage></DataProperties></Esri></metadata>
